{"cameraMode":{"drawMode":0,"name":"Shaded","section":"Shading Mode"},"sceneLighting":true,"audioPlay":false,"sceneViewState":{"showFog":true,"showMaterialUpdate":false,"showSkybox":true,"showFlares":true,"showImageEffects":true,"showParticleSystems":true},"in2DMode":false,"pivot":{"x":-0.404951810836792,"y":2.1234629154205324,"z":3.840179204940796},"rotation":{"x":0.29951488971710207,"y":-0.3783321976661682,"z":0.13095079362392426,"w":0.8660740256309509},"size":19.091218948364259,"orthographic":false}