{"cameraMode":{"drawMode":0,"name":"Shaded","section":"Shading Mode"},"sceneLighting":true,"audioPlay":false,"sceneViewState":{"showFog":true,"showMaterialUpdate":false,"showSkybox":true,"showFlares":true,"showImageEffects":true,"showParticleSystems":true},"in2DMode":false,"pivot":{"x":334.962646484375,"y":302.05035400390627,"z":-56.40692138671875},"rotation":{"x":-0.12275662273168564,"y":0.1497533619403839,"z":0.018741106614470483,"w":0.9808963537216187},"size":1109.814697265625,"orthographic":false}